intersection_id,tollgate_id,time_window,avg_travel_time
A,2.0,"[2016-10-25 06:00:00,2016-10-25 06:20:00)",9.526684761047363
A,2.0,"[2016-10-25 06:20:00,2016-10-25 06:40:00)",270.50543212890625
A,2.0,"[2016-10-25 06:40:00,2016-10-25 07:00:00)",34.301231384277344
A,2.0,"[2016-10-25 07:00:00,2016-10-25 07:20:00)",113.11251831054688
A,2.0,"[2016-10-25 07:20:00,2016-10-25 07:40:00)",136.07174682617188
A,2.0,"[2016-10-25 07:40:00,2016-10-25 08:00:00)",45.011131286621094
A,2.0,"[2016-10-26 06:00:00,2016-10-26 06:20:00)",42.98370742797852
A,2.0,"[2016-10-26 06:20:00,2016-10-26 06:40:00)",26.408618927001953
A,2.0,"[2016-10-26 06:40:00,2016-10-26 07:00:00)",490.3834228515625
A,2.0,"[2016-10-26 07:00:00,2016-10-26 07:20:00)",20.014707565307614
A,2.0,"[2016-10-26 07:20:00,2016-10-26 07:40:00)",54.764137268066406
A,2.0,"[2016-10-26 07:40:00,2016-10-26 08:00:00)",184.4150390625
A,2.0,"[2016-10-27 06:00:00,2016-10-27 06:20:00)",118.16200256347656
A,2.0,"[2016-10-27 06:20:00,2016-10-27 06:40:00)",256.7454833984375
A,2.0,"[2016-10-27 06:40:00,2016-10-27 07:00:00)",55.64596557617188
A,2.0,"[2016-10-27 07:00:00,2016-10-27 07:20:00)",116.8516616821289
A,2.0,"[2016-10-27 07:20:00,2016-10-27 07:40:00)",25.418716430664066
A,2.0,"[2016-10-27 07:40:00,2016-10-27 08:00:00)",13.652118682861328
A,2.0,"[2016-10-28 06:00:00,2016-10-28 06:20:00)",2.5978991985321045
A,2.0,"[2016-10-28 06:20:00,2016-10-28 06:40:00)",2.754901647567749
A,2.0,"[2016-10-28 06:40:00,2016-10-28 07:00:00)",2.0725080966949463
A,2.0,"[2016-10-28 07:00:00,2016-10-28 07:20:00)",3.834852695465088
A,2.0,"[2016-10-28 07:20:00,2016-10-28 07:40:00)",6.9060630798339835
A,2.0,"[2016-10-28 07:40:00,2016-10-28 08:00:00)",8.541016578674316
A,2.0,"[2016-10-29 06:00:00,2016-10-29 06:20:00)",52.64668273925781
A,2.0,"[2016-10-29 06:20:00,2016-10-29 06:40:00)",114.36282348632812
A,2.0,"[2016-10-29 06:40:00,2016-10-29 07:00:00)",123.1426010131836
A,2.0,"[2016-10-29 07:00:00,2016-10-29 07:20:00)",68.83992767333984
A,2.0,"[2016-10-29 07:20:00,2016-10-29 07:40:00)",36.72804641723633
A,2.0,"[2016-10-29 07:40:00,2016-10-29 08:00:00)",93.76847076416016
A,2.0,"[2016-10-30 06:00:00,2016-10-30 06:20:00)",50.205284118652344
A,2.0,"[2016-10-30 06:20:00,2016-10-30 06:40:00)",7.417227745056152
A,2.0,"[2016-10-30 06:40:00,2016-10-30 07:00:00)",44.67499542236328
A,2.0,"[2016-10-30 07:00:00,2016-10-30 07:20:00)",100.02919006347656
A,2.0,"[2016-10-30 07:20:00,2016-10-30 07:40:00)",4.671964645385742
A,2.0,"[2016-10-30 07:40:00,2016-10-30 08:00:00)",57.260948181152344
A,2.0,"[2016-10-31 06:00:00,2016-10-31 06:20:00)",15.353002548217773
A,2.0,"[2016-10-31 06:20:00,2016-10-31 06:40:00)",71.74888610839844
A,2.0,"[2016-10-31 06:40:00,2016-10-31 07:00:00)",84.77320861816406
A,2.0,"[2016-10-31 07:00:00,2016-10-31 07:20:00)",145.06991577148438
A,2.0,"[2016-10-31 07:20:00,2016-10-31 07:40:00)",132.10794067382812
A,2.0,"[2016-10-31 07:40:00,2016-10-31 08:00:00)",95.6982650756836
A,3.0,"[2016-10-25 06:00:00,2016-10-25 06:20:00)",198.97177292051768
A,3.0,"[2016-10-25 06:20:00,2016-10-25 06:40:00)",145.3355712890625
A,3.0,"[2016-10-25 06:40:00,2016-10-25 07:00:00)",150.1067657470703
A,3.0,"[2016-10-25 07:00:00,2016-10-25 07:20:00)",130.10842895507812
A,3.0,"[2016-10-25 07:20:00,2016-10-25 07:40:00)",74.50231170654297
A,3.0,"[2016-10-25 07:40:00,2016-10-25 08:00:00)",80.30519104003906
A,3.0,"[2016-10-26 06:00:00,2016-10-26 06:20:00)",334.47479248046875
A,3.0,"[2016-10-26 06:20:00,2016-10-26 06:40:00)",359.70745849609375
A,3.0,"[2016-10-26 06:40:00,2016-10-26 07:00:00)",492.7726745605469
A,3.0,"[2016-10-26 07:00:00,2016-10-26 07:20:00)",198.97177292051768
A,3.0,"[2016-10-26 07:20:00,2016-10-26 07:40:00)",198.97177292051768
A,3.0,"[2016-10-26 07:40:00,2016-10-26 08:00:00)",198.97177292051768
A,3.0,"[2016-10-27 06:00:00,2016-10-27 06:20:00)",75.65869903564453
A,3.0,"[2016-10-27 06:20:00,2016-10-27 06:40:00)",27.36546516418457
A,3.0,"[2016-10-27 06:40:00,2016-10-27 07:00:00)",47.16868591308594
A,3.0,"[2016-10-27 07:00:00,2016-10-27 07:20:00)",89.9963150024414
A,3.0,"[2016-10-27 07:20:00,2016-10-27 07:40:00)",24.184947967529297
A,3.0,"[2016-10-27 07:40:00,2016-10-27 08:00:00)",24.184947967529297
A,3.0,"[2016-10-28 06:00:00,2016-10-28 06:20:00)",57.74399185180664
A,3.0,"[2016-10-28 06:20:00,2016-10-28 06:40:00)",39.50963973999024
A,3.0,"[2016-10-28 06:40:00,2016-10-28 07:00:00)",24.63139724731445
A,3.0,"[2016-10-28 07:00:00,2016-10-28 07:20:00)",89.32355499267578
A,3.0,"[2016-10-28 07:20:00,2016-10-28 07:40:00)",116.81839752197266
A,3.0,"[2016-10-28 07:40:00,2016-10-28 08:00:00)",122.35477447509766
A,3.0,"[2016-10-29 06:00:00,2016-10-29 06:20:00)",78.03096771240234
A,3.0,"[2016-10-29 06:20:00,2016-10-29 06:40:00)",152.3427734375
A,3.0,"[2016-10-29 06:40:00,2016-10-29 07:00:00)",49.083656311035156
A,3.0,"[2016-10-29 07:00:00,2016-10-29 07:20:00)",79.7566146850586
A,3.0,"[2016-10-29 07:20:00,2016-10-29 07:40:00)",59.91769027709961
A,3.0,"[2016-10-29 07:40:00,2016-10-29 08:00:00)",44.18624496459961
A,3.0,"[2016-10-30 06:00:00,2016-10-30 06:20:00)",162.53607177734375
A,3.0,"[2016-10-30 06:20:00,2016-10-30 06:40:00)",163.63270568847656
A,3.0,"[2016-10-30 06:40:00,2016-10-30 07:00:00)",115.05134582519531
A,3.0,"[2016-10-30 07:00:00,2016-10-30 07:20:00)",301.5836181640625
A,3.0,"[2016-10-30 07:20:00,2016-10-30 07:40:00)",123.84658813476562
A,3.0,"[2016-10-30 07:40:00,2016-10-30 08:00:00)",37.3812255859375
A,3.0,"[2016-10-31 06:00:00,2016-10-31 06:20:00)",107.2043685913086
A,3.0,"[2016-10-31 06:20:00,2016-10-31 06:40:00)",243.53570556640625
A,3.0,"[2016-10-31 06:40:00,2016-10-31 07:00:00)",82.63292694091797
A,3.0,"[2016-10-31 07:00:00,2016-10-31 07:20:00)",79.28812408447266
A,3.0,"[2016-10-31 07:20:00,2016-10-31 07:40:00)",160.4566650390625
A,3.0,"[2016-10-31 07:40:00,2016-10-31 08:00:00)",43.14711380004883
B,1.0,"[2016-10-25 06:00:00,2016-10-25 06:20:00)",91.86309814453124
B,1.0,"[2016-10-25 06:20:00,2016-10-25 06:40:00)",84.17424774169922
B,1.0,"[2016-10-25 06:40:00,2016-10-25 07:00:00)",52.82167053222656
B,1.0,"[2016-10-25 07:00:00,2016-10-25 07:20:00)",38.34288787841797
B,1.0,"[2016-10-25 07:20:00,2016-10-25 07:40:00)",91.90568542480469
B,1.0,"[2016-10-25 07:40:00,2016-10-25 08:00:00)",51.13503646850586
B,1.0,"[2016-10-26 06:00:00,2016-10-26 06:20:00)",97.03089141845705
B,1.0,"[2016-10-26 06:20:00,2016-10-26 06:40:00)",121.08786010742188
B,1.0,"[2016-10-26 06:40:00,2016-10-26 07:00:00)",39.89735412597656
B,1.0,"[2016-10-26 07:00:00,2016-10-26 07:20:00)",290.5314636230469
B,1.0,"[2016-10-26 07:20:00,2016-10-26 07:40:00)",104.31117248535156
B,1.0,"[2016-10-26 07:40:00,2016-10-26 08:00:00)",56.22764205932617
B,1.0,"[2016-10-27 06:00:00,2016-10-27 06:20:00)",49.50048828125
B,1.0,"[2016-10-27 06:20:00,2016-10-27 06:40:00)",38.68334197998047
B,1.0,"[2016-10-27 06:40:00,2016-10-27 07:00:00)",79.52571868896484
B,1.0,"[2016-10-27 07:00:00,2016-10-27 07:20:00)",350.805506115868
B,1.0,"[2016-10-27 07:20:00,2016-10-27 07:40:00)",350.805506115868
B,1.0,"[2016-10-27 07:40:00,2016-10-27 08:00:00)",302.5408630371094
B,1.0,"[2016-10-28 06:00:00,2016-10-28 06:20:00)",350.805506115868
B,1.0,"[2016-10-28 06:20:00,2016-10-28 06:40:00)",350.805506115868
B,1.0,"[2016-10-28 06:40:00,2016-10-28 07:00:00)",350.805506115868
B,1.0,"[2016-10-28 07:00:00,2016-10-28 07:20:00)",350.805506115868
B,1.0,"[2016-10-28 07:20:00,2016-10-28 07:40:00)",427.0257263183594
B,1.0,"[2016-10-28 07:40:00,2016-10-28 08:00:00)",319.6907043457031
B,1.0,"[2016-10-29 06:00:00,2016-10-29 06:20:00)",92.85660552978516
B,1.0,"[2016-10-29 06:20:00,2016-10-29 06:40:00)",69.81748199462889
B,1.0,"[2016-10-29 06:40:00,2016-10-29 07:00:00)",35.4676628112793
B,1.0,"[2016-10-29 07:00:00,2016-10-29 07:20:00)",227.0457000732422
B,1.0,"[2016-10-29 07:20:00,2016-10-29 07:40:00)",184.74139404296875
B,1.0,"[2016-10-29 07:40:00,2016-10-29 08:00:00)",365.8776245117188
B,1.0,"[2016-10-30 06:00:00,2016-10-30 06:20:00)",60.21321105957031
B,1.0,"[2016-10-30 06:20:00,2016-10-30 06:40:00)",84.20419311523438
B,1.0,"[2016-10-30 06:40:00,2016-10-30 07:00:00)",292.96124267578125
B,1.0,"[2016-10-30 07:00:00,2016-10-30 07:20:00)",230.59971618652344
B,1.0,"[2016-10-30 07:20:00,2016-10-30 07:40:00)",97.16673278808594
B,1.0,"[2016-10-30 07:40:00,2016-10-30 08:00:00)",350.805506115868
B,1.0,"[2016-10-31 06:00:00,2016-10-31 06:20:00)",105.72697448730469
B,1.0,"[2016-10-31 06:20:00,2016-10-31 06:40:00)",216.38330078125
B,1.0,"[2016-10-31 06:40:00,2016-10-31 07:00:00)",213.73849487304688
B,1.0,"[2016-10-31 07:00:00,2016-10-31 07:20:00)",117.49413299560548
B,1.0,"[2016-10-31 07:20:00,2016-10-31 07:40:00)",163.59844970703125
B,1.0,"[2016-10-31 07:40:00,2016-10-31 08:00:00)",307.4422302246094
B,3.0,"[2016-10-25 06:00:00,2016-10-25 06:20:00)",215.43170166015625
B,3.0,"[2016-10-25 06:20:00,2016-10-25 06:40:00)",214.60870361328125
B,3.0,"[2016-10-25 06:40:00,2016-10-25 07:00:00)",199.21676635742188
B,3.0,"[2016-10-25 07:00:00,2016-10-25 07:20:00)",128.2757568359375
B,3.0,"[2016-10-25 07:20:00,2016-10-25 07:40:00)",175.99884033203125
B,3.0,"[2016-10-25 07:40:00,2016-10-25 08:00:00)",138.90890502929688
B,3.0,"[2016-10-26 06:00:00,2016-10-26 06:20:00)",193.1935272216797
B,3.0,"[2016-10-26 06:20:00,2016-10-26 06:40:00)",62.37368392944336
B,3.0,"[2016-10-26 06:40:00,2016-10-26 07:00:00)",160.2646117891584
B,3.0,"[2016-10-26 07:00:00,2016-10-26 07:20:00)",38.16282653808594
B,3.0,"[2016-10-26 07:20:00,2016-10-26 07:40:00)",14.329090118408205
B,3.0,"[2016-10-26 07:40:00,2016-10-26 08:00:00)",102.02111053466795
B,3.0,"[2016-10-27 06:00:00,2016-10-27 06:20:00)",162.9142608642578
B,3.0,"[2016-10-27 06:20:00,2016-10-27 06:40:00)",30.97041130065918
B,3.0,"[2016-10-27 06:40:00,2016-10-27 07:00:00)",143.1850128173828
B,3.0,"[2016-10-27 07:00:00,2016-10-27 07:20:00)",42.43362045288086
B,3.0,"[2016-10-27 07:20:00,2016-10-27 07:40:00)",21.69564819335937
B,3.0,"[2016-10-27 07:40:00,2016-10-27 08:00:00)",41.26247787475586
B,3.0,"[2016-10-28 06:00:00,2016-10-28 06:20:00)",13.403785705566404
B,3.0,"[2016-10-28 06:20:00,2016-10-28 06:40:00)",24.34465217590332
B,3.0,"[2016-10-28 06:40:00,2016-10-28 07:00:00)",32.913436889648445
B,3.0,"[2016-10-28 07:00:00,2016-10-28 07:20:00)",48.37458038330078
B,3.0,"[2016-10-28 07:20:00,2016-10-28 07:40:00)",26.05953788757324
B,3.0,"[2016-10-28 07:40:00,2016-10-28 08:00:00)",104.4194564819336
B,3.0,"[2016-10-29 06:00:00,2016-10-29 06:20:00)",243.52212524414062
B,3.0,"[2016-10-29 06:20:00,2016-10-29 06:40:00)",77.11143493652344
B,3.0,"[2016-10-29 06:40:00,2016-10-29 07:00:00)",233.2568817138672
B,3.0,"[2016-10-29 07:00:00,2016-10-29 07:20:00)",54.09783554077149
B,3.0,"[2016-10-29 07:20:00,2016-10-29 07:40:00)",68.06355285644531
B,3.0,"[2016-10-29 07:40:00,2016-10-29 08:00:00)",125.95529174804688
B,3.0,"[2016-10-30 06:00:00,2016-10-30 06:20:00)",456.5325927734375
B,3.0,"[2016-10-30 06:20:00,2016-10-30 06:40:00)",214.44073486328125
B,3.0,"[2016-10-30 06:40:00,2016-10-30 07:00:00)",205.24658203125
B,3.0,"[2016-10-30 07:00:00,2016-10-30 07:20:00)",160.2646117891584
B,3.0,"[2016-10-30 07:20:00,2016-10-30 07:40:00)",160.2646117891584
B,3.0,"[2016-10-30 07:40:00,2016-10-30 08:00:00)",426.7220153808594
B,3.0,"[2016-10-31 06:00:00,2016-10-31 06:20:00)",57.02220916748047
B,3.0,"[2016-10-31 06:20:00,2016-10-31 06:40:00)",33.316951751708984
B,3.0,"[2016-10-31 06:40:00,2016-10-31 07:00:00)",33.991504669189446
B,3.0,"[2016-10-31 07:00:00,2016-10-31 07:20:00)",75.00140380859375
B,3.0,"[2016-10-31 07:20:00,2016-10-31 07:40:00)",26.594837188720703
B,3.0,"[2016-10-31 07:40:00,2016-10-31 08:00:00)",50.01308059692383
C,1.0,"[2016-10-25 06:00:00,2016-10-25 06:20:00)",301.7457275390625
C,1.0,"[2016-10-25 06:20:00,2016-10-25 06:40:00)",496.3406677246094
C,1.0,"[2016-10-25 06:40:00,2016-10-25 07:00:00)",434.3431396484375
C,1.0,"[2016-10-25 07:00:00,2016-10-25 07:20:00)",169.93653869628906
C,1.0,"[2016-10-25 07:20:00,2016-10-25 07:40:00)",346.528076171875
C,1.0,"[2016-10-25 07:40:00,2016-10-25 08:00:00)",208.5655517578125
C,1.0,"[2016-10-26 06:00:00,2016-10-26 06:20:00)",302.4804382324219
C,1.0,"[2016-10-26 06:20:00,2016-10-26 06:40:00)",391.2241821289063
C,1.0,"[2016-10-26 06:40:00,2016-10-26 07:00:00)",377.418212890625
C,1.0,"[2016-10-26 07:00:00,2016-10-26 07:20:00)",399.7533101581392
C,1.0,"[2016-10-26 07:20:00,2016-10-26 07:40:00)",356.5977478027344
C,1.0,"[2016-10-26 07:40:00,2016-10-26 08:00:00)",399.7533101581392
C,1.0,"[2016-10-27 06:00:00,2016-10-27 06:20:00)",399.7533101581392
C,1.0,"[2016-10-27 06:20:00,2016-10-27 06:40:00)",399.7533101581392
C,1.0,"[2016-10-27 06:40:00,2016-10-27 07:00:00)",118.24840545654295
C,1.0,"[2016-10-27 07:00:00,2016-10-27 07:20:00)",399.7533101581392
C,1.0,"[2016-10-27 07:20:00,2016-10-27 07:40:00)",329.15203857421875
C,1.0,"[2016-10-27 07:40:00,2016-10-27 08:00:00)",96.30154418945312
C,1.0,"[2016-10-28 06:00:00,2016-10-28 06:20:00)",203.55816650390625
C,1.0,"[2016-10-28 06:20:00,2016-10-28 06:40:00)",43.32445526123047
C,1.0,"[2016-10-28 06:40:00,2016-10-28 07:00:00)",37.07587814331055
C,1.0,"[2016-10-28 07:00:00,2016-10-28 07:20:00)",177.74295043945312
C,1.0,"[2016-10-28 07:20:00,2016-10-28 07:40:00)",88.015869140625
C,1.0,"[2016-10-28 07:40:00,2016-10-28 08:00:00)",103.87898254394531
C,1.0,"[2016-10-29 06:00:00,2016-10-29 06:20:00)",90.45403289794922
C,1.0,"[2016-10-29 06:20:00,2016-10-29 06:40:00)",111.8144989013672
C,1.0,"[2016-10-29 06:40:00,2016-10-29 07:00:00)",104.0272445678711
C,1.0,"[2016-10-29 07:00:00,2016-10-29 07:20:00)",179.92930603027344
C,1.0,"[2016-10-29 07:20:00,2016-10-29 07:40:00)",296.9671936035156
C,1.0,"[2016-10-29 07:40:00,2016-10-29 08:00:00)",200.86245727539062
C,1.0,"[2016-10-30 06:00:00,2016-10-30 06:20:00)",122.54804229736328
C,1.0,"[2016-10-30 06:20:00,2016-10-30 06:40:00)",136.26237487792972
C,1.0,"[2016-10-30 06:40:00,2016-10-30 07:00:00)",206.6052703857422
C,1.0,"[2016-10-30 07:00:00,2016-10-30 07:20:00)",399.7533101581392
C,1.0,"[2016-10-30 07:20:00,2016-10-30 07:40:00)",311.1214599609375
C,1.0,"[2016-10-30 07:40:00,2016-10-30 08:00:00)",289.900146484375
C,1.0,"[2016-10-31 06:00:00,2016-10-31 06:20:00)",399.7533101581392
C,1.0,"[2016-10-31 06:20:00,2016-10-31 06:40:00)",350.8606872558594
C,1.0,"[2016-10-31 06:40:00,2016-10-31 07:00:00)",183.2588806152344
C,1.0,"[2016-10-31 07:00:00,2016-10-31 07:20:00)",431.9456481933594
C,1.0,"[2016-10-31 07:20:00,2016-10-31 07:40:00)",257.44107055664057
C,1.0,"[2016-10-31 07:40:00,2016-10-31 08:00:00)",209.51828002929688
C,3.0,"[2016-10-25 06:00:00,2016-10-25 06:20:00)",187.86524963378903
C,3.0,"[2016-10-25 06:20:00,2016-10-25 06:40:00)",187.86524963378903
C,3.0,"[2016-10-25 06:40:00,2016-10-25 07:00:00)",109.36127471923828
C,3.0,"[2016-10-25 07:00:00,2016-10-25 07:20:00)",123.34593963623048
C,3.0,"[2016-10-25 07:20:00,2016-10-25 07:40:00)",146.63101196289062
C,3.0,"[2016-10-25 07:40:00,2016-10-25 08:00:00)",172.9005584716797
C,3.0,"[2016-10-26 06:00:00,2016-10-26 06:20:00)",420.2318977174305
C,3.0,"[2016-10-26 06:20:00,2016-10-26 06:40:00)",198.8922576904297
C,3.0,"[2016-10-26 06:40:00,2016-10-26 07:00:00)",109.70347595214844
C,3.0,"[2016-10-26 07:00:00,2016-10-26 07:20:00)",420.2318977174305
C,3.0,"[2016-10-26 07:20:00,2016-10-26 07:40:00)",420.2318977174305
C,3.0,"[2016-10-26 07:40:00,2016-10-26 08:00:00)",42.37195205688477
C,3.0,"[2016-10-27 06:00:00,2016-10-27 06:20:00)",420.2318977174305
C,3.0,"[2016-10-27 06:20:00,2016-10-27 06:40:00)",283.15020751953125
C,3.0,"[2016-10-27 06:40:00,2016-10-27 07:00:00)",308.3777770996094
C,3.0,"[2016-10-27 07:00:00,2016-10-27 07:20:00)",462.87603759765625
C,3.0,"[2016-10-27 07:20:00,2016-10-27 07:40:00)",198.9309539794922
C,3.0,"[2016-10-27 07:40:00,2016-10-27 08:00:00)",382.1997375488281
C,3.0,"[2016-10-28 06:00:00,2016-10-28 06:20:00)",235.7998046875
C,3.0,"[2016-10-28 06:20:00,2016-10-28 06:40:00)",420.2318977174305
C,3.0,"[2016-10-28 06:40:00,2016-10-28 07:00:00)",170.5086212158203
C,3.0,"[2016-10-28 07:00:00,2016-10-28 07:20:00)",122.61871337890624
C,3.0,"[2016-10-28 07:20:00,2016-10-28 07:40:00)",326.4720764160156
C,3.0,"[2016-10-28 07:40:00,2016-10-28 08:00:00)",448.5650939941406
C,3.0,"[2016-10-29 06:00:00,2016-10-29 06:20:00)",53.42618942260742
C,3.0,"[2016-10-29 06:20:00,2016-10-29 06:40:00)",21.957624435424805
C,3.0,"[2016-10-29 06:40:00,2016-10-29 07:00:00)",21.957624435424805
C,3.0,"[2016-10-29 07:00:00,2016-10-29 07:20:00)",393.50146484375
C,3.0,"[2016-10-29 07:20:00,2016-10-29 07:40:00)",130.03318786621094
C,3.0,"[2016-10-29 07:40:00,2016-10-29 08:00:00)",246.51031494140625
C,3.0,"[2016-10-30 06:00:00,2016-10-30 06:20:00)",256.10134887695307
C,3.0,"[2016-10-30 06:20:00,2016-10-30 06:40:00)",138.60090637207028
C,3.0,"[2016-10-30 06:40:00,2016-10-30 07:00:00)",139.26292419433594
C,3.0,"[2016-10-30 07:00:00,2016-10-30 07:20:00)",420.2318977174305
C,3.0,"[2016-10-30 07:20:00,2016-10-30 07:40:00)",420.2318977174305
C,3.0,"[2016-10-30 07:40:00,2016-10-30 08:00:00)",420.2318977174305
C,3.0,"[2016-10-31 06:00:00,2016-10-31 06:20:00)",420.2318977174305
C,3.0,"[2016-10-31 06:20:00,2016-10-31 06:40:00)",371.3743591308594
C,3.0,"[2016-10-31 06:40:00,2016-10-31 07:00:00)",51.13379287719727
C,3.0,"[2016-10-31 07:00:00,2016-10-31 07:20:00)",43.68721389770508
C,3.0,"[2016-10-31 07:20:00,2016-10-31 07:40:00)",231.2455291748047
C,3.0,"[2016-10-31 07:40:00,2016-10-31 08:00:00)",267.75442504882807
A,2.0,"[2016-10-25 15:00:00,2016-10-25 15:20:00)",16.122917175292972
A,2.0,"[2016-10-25 15:20:00,2016-10-25 15:40:00)",130.44612121582028
A,2.0,"[2016-10-25 15:40:00,2016-10-25 16:00:00)",42.90382385253906
A,2.0,"[2016-10-25 16:00:00,2016-10-25 16:20:00)",16.122917175292972
A,2.0,"[2016-10-25 16:20:00,2016-10-25 16:40:00)",130.44612121582028
A,2.0,"[2016-10-25 16:40:00,2016-10-25 17:00:00)",42.90382385253906
A,2.0,"[2016-10-26 15:00:00,2016-10-26 15:20:00)",75.90076446533203
A,2.0,"[2016-10-26 15:20:00,2016-10-26 15:40:00)",24.707275390625
A,2.0,"[2016-10-26 15:40:00,2016-10-26 16:00:00)",157.92623901367188
A,2.0,"[2016-10-26 16:00:00,2016-10-26 16:20:00)",75.90076446533203
A,2.0,"[2016-10-26 16:20:00,2016-10-26 16:40:00)",24.707275390625
A,2.0,"[2016-10-26 16:40:00,2016-10-26 17:00:00)",157.92623901367188
A,2.0,"[2016-10-27 15:00:00,2016-10-27 15:20:00)",100.58967590332031
A,2.0,"[2016-10-27 15:20:00,2016-10-27 15:40:00)",111.66188666934059
A,2.0,"[2016-10-27 15:40:00,2016-10-27 16:00:00)",257.00906372070307
A,2.0,"[2016-10-27 16:00:00,2016-10-27 16:20:00)",100.58967590332031
A,2.0,"[2016-10-27 16:20:00,2016-10-27 16:40:00)",111.66188666934059
A,2.0,"[2016-10-27 16:40:00,2016-10-27 17:00:00)",257.00906372070307
A,2.0,"[2016-10-28 15:00:00,2016-10-28 15:20:00)",40.2476806640625
A,2.0,"[2016-10-28 15:20:00,2016-10-28 15:40:00)",11.260369300842285
A,2.0,"[2016-10-28 15:40:00,2016-10-28 16:00:00)",73.07433319091797
A,2.0,"[2016-10-28 16:00:00,2016-10-28 16:20:00)",40.2476806640625
A,2.0,"[2016-10-28 16:20:00,2016-10-28 16:40:00)",11.260369300842285
A,2.0,"[2016-10-28 16:40:00,2016-10-28 17:00:00)",73.07433319091797
A,2.0,"[2016-10-29 15:00:00,2016-10-29 15:20:00)",33.66472625732422
A,2.0,"[2016-10-29 15:20:00,2016-10-29 15:40:00)",154.49063110351562
A,2.0,"[2016-10-29 15:40:00,2016-10-29 16:00:00)",41.79014587402344
A,2.0,"[2016-10-29 16:00:00,2016-10-29 16:20:00)",33.66472625732422
A,2.0,"[2016-10-29 16:20:00,2016-10-29 16:40:00)",154.49063110351562
A,2.0,"[2016-10-29 16:40:00,2016-10-29 17:00:00)",41.79014587402344
A,2.0,"[2016-10-30 15:00:00,2016-10-30 15:20:00)",75.74652862548828
A,2.0,"[2016-10-30 15:20:00,2016-10-30 15:40:00)",149.9260711669922
A,2.0,"[2016-10-30 15:40:00,2016-10-30 16:00:00)",55.99374389648438
A,2.0,"[2016-10-30 16:00:00,2016-10-30 16:20:00)",75.74652862548828
A,2.0,"[2016-10-30 16:20:00,2016-10-30 16:40:00)",149.9260711669922
A,2.0,"[2016-10-30 16:40:00,2016-10-30 17:00:00)",55.99374389648438
A,2.0,"[2016-10-31 15:00:00,2016-10-31 15:20:00)",8.091887474060059
A,2.0,"[2016-10-31 15:20:00,2016-10-31 15:40:00)",42.42903900146485
A,2.0,"[2016-10-31 15:40:00,2016-10-31 16:00:00)",15.065155029296875
A,2.0,"[2016-10-31 16:00:00,2016-10-31 16:20:00)",8.091887474060059
A,2.0,"[2016-10-31 16:20:00,2016-10-31 16:40:00)",42.42903900146485
A,2.0,"[2016-10-31 16:40:00,2016-10-31 17:00:00)",15.065155029296875
A,3.0,"[2016-10-25 15:00:00,2016-10-25 15:20:00)",37.8403205871582
A,3.0,"[2016-10-25 15:20:00,2016-10-25 15:40:00)",63.86065673828125
A,3.0,"[2016-10-25 15:40:00,2016-10-25 16:00:00)",101.56770324707031
A,3.0,"[2016-10-25 16:00:00,2016-10-25 16:20:00)",37.8403205871582
A,3.0,"[2016-10-25 16:20:00,2016-10-25 16:40:00)",63.86065673828125
A,3.0,"[2016-10-25 16:40:00,2016-10-25 17:00:00)",101.56770324707031
A,3.0,"[2016-10-26 15:00:00,2016-10-26 15:20:00)",115.93667602539062
A,3.0,"[2016-10-26 15:20:00,2016-10-26 15:40:00)",212.02490234375
A,3.0,"[2016-10-26 15:40:00,2016-10-26 16:00:00)",33.233840942382805
A,3.0,"[2016-10-26 16:00:00,2016-10-26 16:20:00)",115.93667602539062
A,3.0,"[2016-10-26 16:20:00,2016-10-26 16:40:00)",212.02490234375
A,3.0,"[2016-10-26 16:40:00,2016-10-26 17:00:00)",33.233840942382805
A,3.0,"[2016-10-27 15:00:00,2016-10-27 15:20:00)",217.71197509765625
A,3.0,"[2016-10-27 15:20:00,2016-10-27 15:40:00)",121.12970479329428
A,3.0,"[2016-10-27 15:40:00,2016-10-27 16:00:00)",108.3416748046875
A,3.0,"[2016-10-27 16:00:00,2016-10-27 16:20:00)",217.71197509765625
A,3.0,"[2016-10-27 16:20:00,2016-10-27 16:40:00)",121.12970479329428
A,3.0,"[2016-10-27 16:40:00,2016-10-27 17:00:00)",108.3416748046875
A,3.0,"[2016-10-28 15:00:00,2016-10-28 15:20:00)",69.5986328125
A,3.0,"[2016-10-28 15:20:00,2016-10-28 15:40:00)",68.30091857910156
A,3.0,"[2016-10-28 15:40:00,2016-10-28 16:00:00)",169.69920349121094
A,3.0,"[2016-10-28 16:00:00,2016-10-28 16:20:00)",69.5986328125
A,3.0,"[2016-10-28 16:20:00,2016-10-28 16:40:00)",68.30091857910156
A,3.0,"[2016-10-28 16:40:00,2016-10-28 17:00:00)",169.69920349121094
A,3.0,"[2016-10-29 15:00:00,2016-10-29 15:20:00)",92.89907836914062
A,3.0,"[2016-10-29 15:20:00,2016-10-29 15:40:00)",114.64997100830078
A,3.0,"[2016-10-29 15:40:00,2016-10-29 16:00:00)",83.78649139404297
A,3.0,"[2016-10-29 16:00:00,2016-10-29 16:20:00)",92.89907836914062
A,3.0,"[2016-10-29 16:20:00,2016-10-29 16:40:00)",114.64997100830078
A,3.0,"[2016-10-29 16:40:00,2016-10-29 17:00:00)",83.78649139404297
A,3.0,"[2016-10-30 15:00:00,2016-10-30 15:20:00)",217.9056701660156
A,3.0,"[2016-10-30 15:20:00,2016-10-30 15:40:00)",165.83580017089844
A,3.0,"[2016-10-30 15:40:00,2016-10-30 16:00:00)",84.16850280761719
A,3.0,"[2016-10-30 16:00:00,2016-10-30 16:20:00)",217.9056701660156
A,3.0,"[2016-10-30 16:20:00,2016-10-30 16:40:00)",165.83580017089844
A,3.0,"[2016-10-30 16:40:00,2016-10-30 17:00:00)",84.16850280761719
A,3.0,"[2016-10-31 15:00:00,2016-10-31 15:20:00)",29.15705490112305
A,3.0,"[2016-10-31 15:20:00,2016-10-31 15:40:00)",34.36892318725586
A,3.0,"[2016-10-31 15:40:00,2016-10-31 16:00:00)",8.756885528564451
A,3.0,"[2016-10-31 16:00:00,2016-10-31 16:20:00)",29.15705490112305
A,3.0,"[2016-10-31 16:20:00,2016-10-31 16:40:00)",34.36892318725586
A,3.0,"[2016-10-31 16:40:00,2016-10-31 17:00:00)",8.756885528564451
B,1.0,"[2016-10-25 15:00:00,2016-10-25 15:20:00)",0.2442175889783213
B,1.0,"[2016-10-25 15:20:00,2016-10-25 15:40:00)",146.18666076660156
B,1.0,"[2016-10-25 15:40:00,2016-10-25 16:00:00)",342.0758361816406
B,1.0,"[2016-10-25 16:00:00,2016-10-25 16:20:00)",0.2442175889783213
B,1.0,"[2016-10-25 16:20:00,2016-10-25 16:40:00)",146.18666076660156
B,1.0,"[2016-10-25 16:40:00,2016-10-25 17:00:00)",342.0758361816406
B,1.0,"[2016-10-26 15:00:00,2016-10-26 15:20:00)",8.996496846992244
B,1.0,"[2016-10-26 15:20:00,2016-10-26 15:40:00)",234.74771118164062
B,1.0,"[2016-10-26 15:40:00,2016-10-26 16:00:00)",2.5062223759992728
B,1.0,"[2016-10-26 16:00:00,2016-10-26 16:20:00)",8.996496846992244
B,1.0,"[2016-10-26 16:20:00,2016-10-26 16:40:00)",234.74771118164062
B,1.0,"[2016-10-26 16:40:00,2016-10-26 17:00:00)",2.5062223759992728
B,1.0,"[2016-10-27 15:00:00,2016-10-27 15:20:00)",381.26177978515625
B,1.0,"[2016-10-27 15:20:00,2016-10-27 15:40:00)",377.6128234863281
B,1.0,"[2016-10-27 15:40:00,2016-10-27 16:00:00)",0.7660596634083817
B,1.0,"[2016-10-27 16:00:00,2016-10-27 16:20:00)",381.26177978515625
B,1.0,"[2016-10-27 16:20:00,2016-10-27 16:40:00)",377.6128234863281
B,1.0,"[2016-10-27 16:40:00,2016-10-27 17:00:00)",0.7660596634083817
B,1.0,"[2016-10-28 15:00:00,2016-10-28 15:20:00)",92.09489440917969
B,1.0,"[2016-10-28 15:20:00,2016-10-28 15:40:00)",72.62064361572266
B,1.0,"[2016-10-28 15:40:00,2016-10-28 16:00:00)",119.0247802734375
B,1.0,"[2016-10-28 16:00:00,2016-10-28 16:20:00)",92.09489440917969
B,1.0,"[2016-10-28 16:20:00,2016-10-28 16:40:00)",72.62064361572266
B,1.0,"[2016-10-28 16:40:00,2016-10-28 17:00:00)",119.0247802734375
B,1.0,"[2016-10-29 15:00:00,2016-10-29 15:20:00)",248.1708068847656
B,1.0,"[2016-10-29 15:20:00,2016-10-29 15:40:00)",114.87197875976562
B,1.0,"[2016-10-29 15:40:00,2016-10-29 16:00:00)",69.47962188720703
B,1.0,"[2016-10-29 16:00:00,2016-10-29 16:20:00)",248.1708068847656
B,1.0,"[2016-10-29 16:20:00,2016-10-29 16:40:00)",114.87197875976562
B,1.0,"[2016-10-29 16:40:00,2016-10-29 17:00:00)",69.47962188720703
B,1.0,"[2016-10-30 15:00:00,2016-10-30 15:20:00)",95.15518188476562
B,1.0,"[2016-10-30 15:20:00,2016-10-30 15:40:00)",142.28924560546875
B,1.0,"[2016-10-30 15:40:00,2016-10-30 16:00:00)",78.72457122802734
B,1.0,"[2016-10-30 16:00:00,2016-10-30 16:20:00)",95.15518188476562
B,1.0,"[2016-10-30 16:20:00,2016-10-30 16:40:00)",142.28924560546875
B,1.0,"[2016-10-30 16:40:00,2016-10-30 17:00:00)",78.72457122802734
B,1.0,"[2016-10-31 15:00:00,2016-10-31 15:20:00)",130.23387145996094
B,1.0,"[2016-10-31 15:20:00,2016-10-31 15:40:00)",197.00439453125
B,1.0,"[2016-10-31 15:40:00,2016-10-31 16:00:00)",458.6206665039063
B,1.0,"[2016-10-31 16:00:00,2016-10-31 16:20:00)",130.23387145996094
B,1.0,"[2016-10-31 16:20:00,2016-10-31 16:40:00)",197.00439453125
B,1.0,"[2016-10-31 16:40:00,2016-10-31 17:00:00)",197.00439453125
B,3.0,"[2016-10-25 15:00:00,2016-10-25 15:20:00)",85.50293731689453
B,3.0,"[2016-10-25 15:20:00,2016-10-25 15:40:00)",52.44107055664063
B,3.0,"[2016-10-25 15:40:00,2016-10-25 16:00:00)",235.33409118652344
B,3.0,"[2016-10-25 16:00:00,2016-10-25 16:20:00)",85.50293731689453
B,3.0,"[2016-10-25 16:20:00,2016-10-25 16:40:00)",52.44107055664063
B,3.0,"[2016-10-25 16:40:00,2016-10-25 17:00:00)",235.33409118652344
B,3.0,"[2016-10-26 15:00:00,2016-10-26 15:20:00)",141.63719483784266
B,3.0,"[2016-10-26 15:20:00,2016-10-26 15:40:00)",91.3576431274414
B,3.0,"[2016-10-26 15:40:00,2016-10-26 16:00:00)",250.2059783935547
B,3.0,"[2016-10-26 16:00:00,2016-10-26 16:20:00)",141.63719483784266
B,3.0,"[2016-10-26 16:20:00,2016-10-26 16:40:00)",91.3576431274414
B,3.0,"[2016-10-26 16:40:00,2016-10-26 17:00:00)",250.2059783935547
B,3.0,"[2016-10-27 15:00:00,2016-10-27 15:20:00)",134.38101196289062
B,3.0,"[2016-10-27 15:20:00,2016-10-27 15:40:00)",185.4536590576172
B,3.0,"[2016-10-27 15:40:00,2016-10-27 16:00:00)",149.8298797607422
B,3.0,"[2016-10-27 16:00:00,2016-10-27 16:20:00)",134.38101196289062
B,3.0,"[2016-10-27 16:20:00,2016-10-27 16:40:00)",185.4536590576172
B,3.0,"[2016-10-27 16:40:00,2016-10-27 17:00:00)",149.8298797607422
B,3.0,"[2016-10-28 15:00:00,2016-10-28 15:20:00)",78.59153747558594
B,3.0,"[2016-10-28 15:20:00,2016-10-28 15:40:00)",25.70233917236328
B,3.0,"[2016-10-28 15:40:00,2016-10-28 16:00:00)",208.7247314453125
B,3.0,"[2016-10-28 16:00:00,2016-10-28 16:20:00)",78.59153747558594
B,3.0,"[2016-10-28 16:20:00,2016-10-28 16:40:00)",25.70233917236328
B,3.0,"[2016-10-28 16:40:00,2016-10-28 17:00:00)",208.7247314453125
B,3.0,"[2016-10-29 15:00:00,2016-10-29 15:20:00)",50.34831237792969
B,3.0,"[2016-10-29 15:20:00,2016-10-29 15:40:00)",92.41259002685548
B,3.0,"[2016-10-29 15:40:00,2016-10-29 16:00:00)",65.16439819335939
B,3.0,"[2016-10-29 16:00:00,2016-10-29 16:20:00)",50.34831237792969
B,3.0,"[2016-10-29 16:20:00,2016-10-29 16:40:00)",92.41259002685548
B,3.0,"[2016-10-29 16:40:00,2016-10-29 17:00:00)",65.16439819335939
B,3.0,"[2016-10-30 15:00:00,2016-10-30 15:20:00)",190.85873413085938
B,3.0,"[2016-10-30 15:20:00,2016-10-30 15:40:00)",132.69331359863278
B,3.0,"[2016-10-30 15:40:00,2016-10-30 16:00:00)",254.8560791015625
B,3.0,"[2016-10-30 16:00:00,2016-10-30 16:20:00)",190.85873413085938
B,3.0,"[2016-10-30 16:20:00,2016-10-30 16:40:00)",132.69331359863278
B,3.0,"[2016-10-30 16:40:00,2016-10-30 17:00:00)",254.8560791015625
B,3.0,"[2016-10-31 15:00:00,2016-10-31 15:20:00)",2.9842917919158936
B,3.0,"[2016-10-31 15:20:00,2016-10-31 15:40:00)",1.3351471424102783
B,3.0,"[2016-10-31 15:40:00,2016-10-31 16:00:00)",7.883155345916747
B,3.0,"[2016-10-31 16:00:00,2016-10-31 16:20:00)",2.9842917919158936
B,3.0,"[2016-10-31 16:20:00,2016-10-31 16:40:00)",1.3351471424102783
B,3.0,"[2016-10-31 16:40:00,2016-10-31 17:00:00)",7.883155345916747
C,1.0,"[2016-10-25 15:00:00,2016-10-25 15:20:00)",76.63724517822266
C,1.0,"[2016-10-25 15:20:00,2016-10-25 15:40:00)",358.626953125
C,1.0,"[2016-10-25 15:40:00,2016-10-25 16:00:00)",130.84750366210938
C,1.0,"[2016-10-25 16:00:00,2016-10-25 16:20:00)",76.63724517822266
C,1.0,"[2016-10-25 16:20:00,2016-10-25 16:40:00)",358.626953125
C,1.0,"[2016-10-25 16:40:00,2016-10-25 17:00:00)",130.84750366210938
C,1.0,"[2016-10-26 15:00:00,2016-10-26 15:20:00)",0.9353995689054584
C,1.0,"[2016-10-26 15:20:00,2016-10-26 15:40:00)",4.339216577780288
C,1.0,"[2016-10-26 15:40:00,2016-10-26 16:00:00)",260.60873413085943
C,1.0,"[2016-10-26 16:00:00,2016-10-26 16:20:00)",0.9353995689054584
C,1.0,"[2016-10-26 16:20:00,2016-10-26 16:40:00)",4.339216577780288
C,1.0,"[2016-10-26 16:40:00,2016-10-26 17:00:00)",260.60873413085943
C,1.0,"[2016-10-27 15:00:00,2016-10-27 15:20:00)",0.6106648874611329
C,1.0,"[2016-10-27 15:20:00,2016-10-27 15:40:00)",6.303183526073855
C,1.0,"[2016-10-27 15:40:00,2016-10-27 16:00:00)",290.7069091796875
C,1.0,"[2016-10-27 16:00:00,2016-10-27 16:20:00)",0.6106648874611329
C,1.0,"[2016-10-27 16:20:00,2016-10-27 16:40:00)",6.303183526073855
C,1.0,"[2016-10-27 16:40:00,2016-10-27 17:00:00)",290.7069091796875
C,1.0,"[2016-10-28 15:00:00,2016-10-28 15:20:00)",409.0965881347656
C,1.0,"[2016-10-28 15:20:00,2016-10-28 15:40:00)",1.0723835132810997
C,1.0,"[2016-10-28 15:40:00,2016-10-28 16:00:00)",153.70367431640625
C,1.0,"[2016-10-28 16:00:00,2016-10-28 16:20:00)",409.0965881347656
C,1.0,"[2016-10-28 16:20:00,2016-10-28 16:40:00)",1.0723835132810997
C,1.0,"[2016-10-28 16:40:00,2016-10-28 17:00:00)",153.70367431640625
C,1.0,"[2016-10-29 15:00:00,2016-10-29 15:20:00)",312.9739685058594
C,1.0,"[2016-10-29 15:20:00,2016-10-29 15:40:00)",366.2845153808594
C,1.0,"[2016-10-29 15:40:00,2016-10-29 16:00:00)",121.3398666381836
C,1.0,"[2016-10-29 16:00:00,2016-10-29 16:20:00)",312.9739685058594
C,1.0,"[2016-10-29 16:20:00,2016-10-29 16:40:00)",366.2845153808594
C,1.0,"[2016-10-29 16:40:00,2016-10-29 17:00:00)",121.3398666381836
C,1.0,"[2016-10-30 15:00:00,2016-10-30 15:20:00)",235.1524810791016
C,1.0,"[2016-10-30 15:20:00,2016-10-30 15:40:00)",71.9306869506836
C,1.0,"[2016-10-30 15:40:00,2016-10-30 16:00:00)",157.76087951660156
C,1.0,"[2016-10-30 16:00:00,2016-10-30 16:20:00)",235.1524810791016
C,1.0,"[2016-10-30 16:20:00,2016-10-30 16:40:00)",71.9306869506836
C,1.0,"[2016-10-30 16:40:00,2016-10-30 17:00:00)",157.76087951660156
C,1.0,"[2016-10-31 15:00:00,2016-10-31 15:20:00)",40.38296890258789
C,1.0,"[2016-10-31 15:20:00,2016-10-31 15:40:00)",25.038881301879893
C,1.0,"[2016-10-31 15:40:00,2016-10-31 16:00:00)",35.014415740966804
C,1.0,"[2016-10-31 16:00:00,2016-10-31 16:20:00)",40.38296890258789
C,1.0,"[2016-10-31 16:20:00,2016-10-31 16:40:00)",25.038881301879893
C,1.0,"[2016-10-31 16:40:00,2016-10-31 17:00:00)",35.014415740966804
C,3.0,"[2016-10-25 15:00:00,2016-10-25 15:20:00)",114.6792221069336
C,3.0,"[2016-10-25 15:20:00,2016-10-25 15:40:00)",88.51895904541016
C,3.0,"[2016-10-25 15:40:00,2016-10-25 16:00:00)",120.4292984008789
C,3.0,"[2016-10-25 16:00:00,2016-10-25 16:20:00)",114.6792221069336
C,3.0,"[2016-10-25 16:20:00,2016-10-25 16:40:00)",88.51895904541016
C,3.0,"[2016-10-25 16:40:00,2016-10-25 17:00:00)",120.4292984008789
C,3.0,"[2016-10-26 15:00:00,2016-10-26 15:20:00)",365.7072143554688
C,3.0,"[2016-10-26 15:20:00,2016-10-26 15:40:00)",325.0949866885232
C,3.0,"[2016-10-26 15:40:00,2016-10-26 16:00:00)",352.0995788574219
C,3.0,"[2016-10-26 16:00:00,2016-10-26 16:20:00)",365.7072143554688
C,3.0,"[2016-10-26 16:20:00,2016-10-26 16:40:00)",325.0949866885232
C,3.0,"[2016-10-26 16:40:00,2016-10-26 17:00:00)",352.0995788574219
C,3.0,"[2016-10-27 15:00:00,2016-10-27 15:20:00)",325.0949866885232
C,3.0,"[2016-10-27 15:20:00,2016-10-27 15:40:00)",90.6742706298828
C,3.0,"[2016-10-27 15:40:00,2016-10-27 16:00:00)",233.0873260498047
C,3.0,"[2016-10-27 16:00:00,2016-10-27 16:20:00)",325.0949866885232
C,3.0,"[2016-10-27 16:20:00,2016-10-27 16:40:00)",90.6742706298828
C,3.0,"[2016-10-27 16:40:00,2016-10-27 17:00:00)",233.0873260498047
C,3.0,"[2016-10-28 15:00:00,2016-10-28 15:20:00)",98.92304229736328
C,3.0,"[2016-10-28 15:20:00,2016-10-28 15:40:00)",265.95669555664057
C,3.0,"[2016-10-28 15:40:00,2016-10-28 16:00:00)",185.5553741455078
C,3.0,"[2016-10-28 16:00:00,2016-10-28 16:20:00)",98.92304229736328
C,3.0,"[2016-10-28 16:20:00,2016-10-28 16:40:00)",265.95669555664057
C,3.0,"[2016-10-28 16:40:00,2016-10-28 17:00:00)",185.5553741455078
C,3.0,"[2016-10-29 15:00:00,2016-10-29 15:20:00)",386.9565734863281
C,3.0,"[2016-10-29 15:20:00,2016-10-29 15:40:00)",380.4730224609375
C,3.0,"[2016-10-29 15:40:00,2016-10-29 16:00:00)",38.14692687988281
C,3.0,"[2016-10-29 16:00:00,2016-10-29 16:20:00)",386.9565734863281
C,3.0,"[2016-10-29 16:20:00,2016-10-29 16:40:00)",380.4730224609375
C,3.0,"[2016-10-29 16:40:00,2016-10-29 17:00:00)",38.14692687988281
C,3.0,"[2016-10-30 15:00:00,2016-10-30 15:20:00)",314.78045654296875
C,3.0,"[2016-10-30 15:20:00,2016-10-30 15:40:00)",189.495849609375
C,3.0,"[2016-10-30 15:40:00,2016-10-30 16:00:00)",51.25251770019531
C,3.0,"[2016-10-30 16:00:00,2016-10-30 16:20:00)",314.78045654296875
C,3.0,"[2016-10-30 16:20:00,2016-10-30 16:40:00)",189.495849609375
C,3.0,"[2016-10-30 16:40:00,2016-10-30 17:00:00)",51.25251770019531
C,3.0,"[2016-10-31 15:00:00,2016-10-31 15:20:00)",325.0949866885232
C,3.0,"[2016-10-31 15:20:00,2016-10-31 15:40:00)",325.0949866885232
C,3.0,"[2016-10-31 15:40:00,2016-10-31 16:00:00)",325.0949866885232
C,3.0,"[2016-10-31 16:00:00,2016-10-31 16:20:00)",325.0949866885232
C,3.0,"[2016-10-31 16:20:00,2016-10-31 16:40:00)",325.0949866885232
C,3.0,"[2016-10-31 16:40:00,2016-10-31 17:00:00)",325.0949866885232
